{"auto_mobility":{"p99":3.7635277771,"p95":3.2793689138,"p90":2.9447843657,"p75":2.3890966973,"p50":1.8133801221,"p25":1.158441176,"mean":1.7735258408,"sd":0.9197031434},"auto_charge_station":{"p99":6.3310650945,"p95":5.2879248349,"p90":4.6503584091,"p75":3.6140006214,"p50":2.3936150523,"p25":1.2520726537,"mean":2.4428873535,"sd":1.6712219016},"auto_cycles":{"p99":1.9928722345,"p95":1.4921408481,"p90":1.2650165363,"p75":1.0217410949,"p50":0.7738079531,"p25":0.4125790542,"mean":0.7446449928,"sd":0.4554438692},"auto_points":{"p99":10.5359729619,"p95":7.9077186963,"p90":6.743157869,"p75":5.2998127672,"p50":3.335115046,"p25":1.5154901892,"mean":3.5623583241,"sd":2.5301721371},"teleop_cycles":{"p99":7.6394725212,"p95":6.2926506469,"p90":5.4308886204,"p75":3.9780883021,"p50":2.7256362841,"p25":1.8699510485,"mean":3.067916932,"sd":1.613068157},"teleop_points":{"p99":26.2034099185,"p95":22.1899458107,"p90":19.2009690903,"p75":13.6953439651,"p50":8.4482914629,"p25":5.2955917717,"mean":9.9633999009,"sd":6.113680287},"total_cycles":{"p99":9.4070759903,"p95":7.6280831743,"p90":6.6065460829,"p75":4.9110901862,"p50":3.4384047635,"p25":2.3768934244,"mean":3.81256132,"sd":1.9379887964},"links":{"p99":3.0002988655,"p95":2.2783802222,"p90":1.8746278481,"p75":1.2391248735,"p50":0.6733727664,"p25":0.3342559235,"mean":0.8529610356,"sd":0.7111240874},"link_points":{"p99":15.0014943273,"p95":11.391901111,"p90":9.3731392403,"p75":6.1956243676,"p50":3.3668638321,"p25":1.6712796174,"mean":4.2648051781,"sd":3.5556204372},"total_points":{"p99":50.1897365777,"p95":41.0412901795,"p90":34.8674498601,"p75":24.3615025164,"p50":14.8002593094,"p25":9.0534087985,"mean":17.7905632375,"sd":11.464724099},"cube_cycles":{"p99":5.1086629815,"p95":4.0735408538,"p90":3.4793341274,"p75":2.5930805028,"p50":1.9072490399,"p25":1.3512992883,"mean":2.0558602394,"sd":1.0573953388},"cube_points":{"p99":14.8506221502,"p95":12.3283912516,"p90":10.8654784457,"p75":8.7246449829,"p50":6.4777394978,"p25":4.3425474577,"mean":6.6710474436,"sd":3.2017601994},"cone_cycles":{"p99":5.7450785805,"p95":4.699381982,"p90":4.0514785585,"p75":2.7089405712,"p50":1.3384742866,"p25":0.578275423,"mean":1.7564300875,"sd":1.4975703534},"cone_points":{"p99":22.7519570953,"p95":19.1756113177,"p90":16.5554948545,"p75":10.7898355399,"p50":4.8158263831,"p25":2.069974691,"mean":6.8528181228,"sd":6.1290975256},"bot_cycles":{"p99":4.2730143015,"p95":3.3013164885,"p90":2.7307328878,"p75":2.0706779313,"p50":1.4348255286,"p25":0.9059209587,"mean":1.5573342331,"sd":0.9163464316},"bot_points":{"p99":9.2377247974,"p95":6.9900679363,"p90":5.8567137972,"p75":4.395123898,"p50":3.0464179854,"p25":1.9441149578,"mean":3.3312588761,"sd":1.955734754},"mid_cycles":{"p99":4.0014046985,"p95":2.8856311246,"p90":2.1813376415,"p75":1.2103437222,"p50":0.537902891,"p25":0.1161077146,"mean":0.8014045587,"sd":0.989226541},"mid_points":{"p99":12.6799488301,"p95":9.0327198253,"p90":6.8336079445,"p75":3.8632283896,"p50":1.6981700037,"p25":0.367852999,"mean":2.5260327878,"sd":3.1113637844},"top_cycles":{"p99":4.3129935232,"p95":3.7499584582,"p90":3.3587349585,"p75":2.435249442,"p50":1.0976816782,"p25":0.437579868,"mean":1.4499949384,"sd":1.2527922726},"top_points":{"p99":22.8543701288,"p95":19.7096108129,"p90":17.7850597332,"p75":12.8326877337,"p50":5.7497136593,"p25":2.2660716175,"mean":7.6583435645,"sd":6.6306734588},"auto_bot_cubes":{"p99":0.8839670251,"p95":0.6553545254,"p90":0.4744056976,"p75":0.2172956162,"p50":0.0790459767,"p25":-0.009172416,"mean":0.1403288728,"sd":0.2279075775},"auto_mid_cubes":{"p99":0.8247296114,"p95":0.4980208288,"p90":0.296308842,"p75":0.1193329335,"p50":0.0319992122,"p25":-0.0270715812,"mean":0.0826387897,"sd":0.1862844253},"auto_top_cubes":{"p99":1.073539115,"p95":0.8952978812,"p90":0.7881122609,"p75":0.4392386457,"p50":0.1102637317,"p25":0.0056981982,"mean":0.2391454796,"sd":0.324133276},"auto_bot_cones":{"p99":0.797381761,"p95":0.4182195121,"p90":0.2441425044,"p75":0.1141751084,"p50":0.0274155388,"p25":-0.0320213201,"mean":0.0702005545,"sd":0.1753982329},"auto_mid_cones":{"p99":0.7861033243,"p95":0.2920929998,"p90":0.1174015403,"p75":0.0507898791,"p50":0.0058980736,"p25":-0.023690447,"mean":0.0412995144,"sd":0.1494438894},"auto_top_cones":{"p99":1.0607153137,"p95":0.885650891,"p90":0.7398506913,"p75":0.1768978762,"p50":0.0442952882,"p25":-0.0204196293,"mean":0.1643299083,"sd":0.3088607469},"auto_bot_cycles":{"p99":0.9803400718,"p95":0.7548962668,"p90":0.6154076335,"p75":0.3354023364,"p50":0.1449849929,"p25":0.0238981272,"mean":0.2115800142,"sd":0.267780593},"auto_mid_cycles":{"p99":1.0096079801,"p95":0.6781407455,"p90":0.4703564666,"p75":0.1725176547,"p50":0.053541498,"p25":-0.0241869197,"mean":0.1245937738,"sd":0.2485657688},"auto_top_cycles":{"p99":1.5694608952,"p95":1.183998684,"p90":1.0187273219,"p75":0.7788514375,"p50":0.2445505609,"p25":0.0390715136,"mean":0.4047902119,"sd":0.4427265452},"auto_cube_cycles":{"p99":1.3672924408,"p95":1.0860500936,"p90":0.9895095777,"p75":0.7773944579,"p50":0.4405645763,"p25":0.1250452419,"mean":0.4644034688,"sd":0.3904664692},"auto_cone_cycles":{"p99":1.1992582587,"p95":0.9978102481,"p90":0.9102294283,"p75":0.5612769704,"p50":0.1074141796,"p25":-0.0017871573,"mean":0.2779417958,"sd":0.3826394878},"teleop_bot_cubes":{"p99":3.8054678659,"p95":2.6778887535,"p90":2.1515090091,"p75":1.4012319812,"p50":0.8137146473,"p25":0.3634045671,"mean":0.9754888887,"sd":0.8766635347},"teleop_mid_cubes":{"p99":1.1760019163,"p95":0.8826109908,"p90":0.7292698456,"p75":0.4610684668,"p50":0.2199815113,"p25":0.0302517715,"mean":0.2701584745,"sd":0.3277017501},"teleop_top_cubes":{"p99":1.2492608037,"p95":1.0099717656,"p90":0.8481636918,"p75":0.5329003077,"p50":0.2693505602,"p25":0.085625661,"mean":0.3357373169,"sd":0.3456283243},"teleop_bot_cones":{"p99":1.8182565028,"p95":1.1011352222,"p90":0.8779675272,"p75":0.5658672856,"p50":0.2989833212,"p25":0.0762826408,"mean":0.3617102734,"sd":0.4445759086},"teleop_mid_cones":{"p99":2.5881776812,"p95":1.7940363483,"p90":1.3117026044,"p75":0.6321470116,"p50":0.2009890722,"p25":-0.0164021065,"mean":0.403445101,"sd":0.6384611828},"teleop_top_cones":{"p99":2.5047788915,"p95":2.0728506125,"p90":1.8172838781,"p75":1.1731588101,"p50":0.5071029773,"p25":0.1443557038,"mean":0.7038341843,"sd":0.7144451083},"teleop_bot_cycles":{"p99":3.7339649817,"p95":2.9545070695,"p90":2.4440633235,"p75":1.8195307668,"p50":1.222676875,"p25":0.7499024773,"mean":1.3404987972,"sd":0.8438285922},"teleop_mid_cycles":{"p99":3.5603741449,"p95":2.5136320109,"p90":1.9167309992,"p75":1.0519330652,"p50":0.4267561874,"p25":0.074389796,"mean":0.6748206267,"sd":0.8847035805},"teleop_top_cycles":{"p99":3.3220950594,"p95":2.774945191,"p90":2.4349729626,"p75":1.7031821213,"p50":0.8228989726,"p25":0.313951573,"mean":1.040812626,"sd":0.9243967852},"teleop_cube_cycles":{"p99":4.4091919431,"p95":3.4152578618,"p90":2.8451746818,"p75":2.0803532286,"p50":1.4347285085,"p25":0.9333612954,"mean":1.5867453145,"sd":0.9519364913},"teleop_cone_cycles":{"p99":4.9612938965,"p95":4.0027578918,"p90":3.4405412999,"p75":2.2697136757,"p50":1.0915284014,"p25":0.4928865478,"mean":1.4749069092,"sd":1.2844399116},"endgame_charge_station":{"p99":10.7654326651,"p95":9.6288670292,"p90":8.7260384331,"p75":7.4842211817,"p50":5.8671521214,"p25":4.1136662863,"mean":5.7279472793,"sd":2.4724360296},"fouls_committed":{"p99":0.0,"p95":0.0,"p90":0.0,"p75":0.3770282249,"p50":1.2287259775,"p25":2.4252095322,"mean":1.6639674011,"sd":1.7146611176},"fouls_drawn":{"p99":6.7731489543,"p95":4.3544396248,"p90":3.4755615771,"p75":2.2100829563,"p50":1.0853124121,"p25":0.3118161185,"mean":1.4879536954,"sd":1.5537434955},"capped_fouls_committed":{"p99":0.0,"p95":0.0,"p90":0.0,"p75":0.4516416445,"p50":1.2385844012,"p25":2.2520521793,"mean":1.5078000991,"sd":1.3175975394},"capped_fouls_drawn":{"p99":4.9734631656,"p95":3.6471017008,"p90":3.0241066397,"p75":2.0498194139,"p50":1.0861453453,"p25":0.3718410071,"mean":1.3429773128,"sd":1.1873396096}}