{"auto_mobility":{"p99":3.7979508862,"p95":3.273627485,"p90":2.9165971053,"p75":2.3671755429,"p50":1.7973594089,"p25":1.1505272824,"mean":1.754534576,"sd":0.9156008685},"auto_charge_station":{"p99":6.3768123115,"p95":5.4031922049,"p90":4.7857743298,"p75":3.7100376832,"p50":2.4642902552,"p25":1.2679249999,"mean":2.5045425978,"sd":1.7215477987},"auto_cycles":{"p99":1.9319236982,"p95":1.4608181631,"p90":1.2462729514,"p75":1.020113195,"p50":0.7713940764,"p25":0.4072504272,"mean":0.7389956433,"sd":0.4487322422},"auto_points":{"p99":10.4707303803,"p95":7.975693228,"p90":6.7342424544,"p75":5.2858962094,"p50":3.2951046296,"p25":1.5161276363,"mean":3.5486318798,"sd":2.5213065049},"teleop_cycles":{"p99":7.3565530672,"p95":6.0777723829,"p90":5.3460305703,"p75":3.9496285201,"p50":2.7156628233,"p25":1.8659273535,"mean":3.0339984007,"sd":1.5736520227},"teleop_points":{"p99":25.9983278008,"p95":21.8508262648,"p90":19.0886758139,"p75":13.5820719319,"p50":8.3409972629,"p25":5.2452929099,"mean":9.8578779147,"sd":6.0610513352},"total_cycles":{"p99":9.1103532414,"p95":7.3936579765,"p90":6.5441256933,"p75":4.8748951339,"p50":3.4053935764,"p25":2.3759703198,"mean":3.7729934537,"sd":1.8905283839},"links":{"p99":2.9286404857,"p95":2.2280407322,"p90":1.8679114738,"p75":1.2425695452,"p50":0.664749414,"p25":0.3328507209,"mean":0.8438674699,"sd":0.6989336772},"link_points":{"p99":14.6432024285,"p95":11.1402036611,"p90":9.339557369,"p75":6.2128477262,"p50":3.3237470701,"p25":1.6642536047,"mean":4.2193373493,"sd":3.4946683861},"total_points":{"p99":49.2137819141,"p95":39.9646267539,"p90":34.6598027694,"p75":24.2689198182,"p50":14.5789564031,"p25":9.0363568832,"mean":17.625846982,"sd":11.3346614872},"cube_cycles":{"p99":5.0658493932,"p95":4.0304139439,"p90":3.4110936,"p75":2.5803413181,"p50":1.8929343793,"p25":1.3397076158,"mean":2.0346921981,"sd":1.0427986131},"cube_points":{"p99":14.7972915406,"p95":12.2297432317,"p90":10.712096478,"p75":8.6779399037,"p50":6.4325155625,"p25":4.3249749454,"mean":6.6137867314,"sd":3.1596052287},"cone_cycles":{"p99":5.7300589219,"p95":4.6671180934,"p90":3.9969781263,"p75":2.6996555272,"p50":1.3075571297,"p25":0.5677706738,"mean":1.7380366467,"sd":1.4863521348},"cone_points":{"p99":22.7277245867,"p95":19.1004688408,"p90":16.4669759259,"p75":10.8015586176,"p50":4.6709661462,"p25":2.0134946115,"mean":6.7968140677,"sd":6.1544950827},"bot_cycles":{"p99":4.2730151152,"p95":3.2702396612,"p90":2.7409726227,"p75":2.0406915386,"p50":1.4020688363,"p25":0.8898066763,"mean":1.5416608477,"sd":0.9201749679},"bot_points":{"p99":9.3596690551,"p95":6.9744770237,"p90":5.8748291073,"p75":4.3480038385,"p50":2.9885702253,"p25":1.8998858292,"mean":3.2955262601,"sd":1.9631923561},"mid_cycles":{"p99":4.0014046985,"p95":2.7769868463,"p90":2.1079571334,"p75":1.1768342132,"p50":0.5310616102,"p25":0.1171287783,"mean":0.7804659845,"sd":0.9673792726},"mid_points":{"p99":12.5674654824,"p95":8.7771703503,"p90":6.5215098777,"p75":3.6934895546,"p50":1.6784349745,"p25":0.3709792338,"mean":2.4591675181,"sd":3.043175455},"top_cycles":{"p99":4.5597864852,"p95":3.7953958487,"p90":3.4104003681,"p75":2.4431615617,"p50":1.0734830913,"p25":0.4152176914,"mean":1.4476426558,"sd":1.286493876},"top_points":{"p99":24.0568296191,"p95":20.052847253,"p90":18.0474302911,"p75":12.8983571102,"p50":5.5997910868,"p25":2.1523494962,"mean":7.6483668735,"sd":6.8052044345},"auto_bot_cubes":{"p99":0.8878643894,"p95":0.6573831707,"p90":0.4794560855,"p75":0.2120593025,"p50":0.0756881387,"p25":-0.0099140399,"mean":0.1389533116,"sd":0.2281896174},"auto_mid_cubes":{"p99":0.8291857523,"p95":0.5009543013,"p90":0.2919127301,"p75":0.1120736073,"p50":0.0288313507,"p25":-0.0263056274,"mean":0.0807260304,"sd":0.1865735861},"auto_top_cubes":{"p99":1.0570290219,"p95":0.8985063894,"p90":0.7921866236,"p75":0.4466821254,"p50":0.1076752248,"p25":0.0062031884,"mean":0.239398939,"sd":0.3245967003},"auto_bot_cones":{"p99":0.7853860661,"p95":0.4078514845,"p90":0.2426755073,"p75":0.1120207428,"p50":0.026338958,"p25":-0.0322745987,"mean":0.0681855535,"sd":0.172550512},"auto_mid_cones":{"p99":0.8006159682,"p95":0.2589256693,"p90":0.110874819,"p75":0.0467487516,"p50":0.0050548559,"p25":-0.0241135254,"mean":0.0390354824,"sd":0.1483641076},"auto_top_cones":{"p99":1.0733953305,"p95":0.9014607039,"p90":0.7563025073,"p75":0.1725568775,"p50":0.0439060623,"p25":-0.0196746104,"mean":0.1669659508,"sd":0.3129339069},"auto_bot_cycles":{"p99":0.99809245,"p95":0.7536206362,"p90":0.6108756501,"p75":0.3261353641,"p50":0.1431153144,"p25":0.0217681963,"mean":0.2080366968,"sd":0.2660972693},"auto_mid_cycles":{"p99":0.998357421,"p95":0.6833808526,"p90":0.4579271779,"p75":0.161183767,"p50":0.0488099432,"p25":-0.0258145315,"mean":0.1203216773,"sd":0.246788291},"auto_top_cycles":{"p99":1.5792630106,"p95":1.2121843795,"p90":1.0336646406,"p75":0.7807957024,"p50":0.2384321246,"p25":0.0383350895,"mean":0.4074885386,"sd":0.4484951383},"auto_cube_cycles":{"p99":1.3322660549,"p95":1.0900044578,"p90":0.9880481375,"p75":0.7779787162,"p50":0.4342061609,"p25":0.1189187975,"mean":0.4610355945,"sd":0.3895039938},"auto_cone_cycles":{"p99":1.1778732775,"p95":0.9969737445,"p90":0.9084288388,"p75":0.5625526476,"p50":0.1043877607,"p25":-0.0009338711,"mean":0.2759917471,"sd":0.3811839712},"teleop_bot_cubes":{"p99":3.6861343631,"p95":2.7206255933,"p90":2.1545716097,"p75":1.396390873,"p50":0.7917406597,"p25":0.3565729575,"mean":0.9653343073,"sd":0.8808226416},"teleop_mid_cubes":{"p99":1.2031224027,"p95":0.8778480275,"p90":0.7129257699,"p75":0.4489417664,"p50":0.2136459581,"p25":0.0295962334,"mean":0.2648753191,"sd":0.3255809717},"teleop_top_cubes":{"p99":1.2840786832,"p95":1.0135576739,"p90":0.8598059428,"p75":0.5259396921,"p50":0.2656497734,"p25":0.0832614877,"mean":0.3348653061,"sd":0.3499977042},"teleop_bot_cones":{"p99":1.7694978562,"p95":1.1075524986,"p90":0.8841742296,"p75":0.5655964374,"p50":0.2971033782,"p25":0.0733575072,"mean":0.3610024142,"sd":0.4424736356},"teleop_mid_cones":{"p99":2.5960047562,"p95":1.7350856507,"p90":1.2764390446,"p75":0.6117135323,"p50":0.1968503968,"p25":-0.0160065901,"mean":0.3924718908,"sd":0.6244784853},"teleop_top_cones":{"p99":2.5558283344,"p95":2.1445860051,"p90":1.8474944153,"p75":1.1630510133,"p50":0.4903613039,"p25":0.1307398154,"mean":0.700460055,"sd":0.7355851563},"teleop_bot_cycles":{"p99":3.7351577594,"p95":2.9522950406,"p90":2.4725483918,"p75":1.7994809211,"p50":1.200433636,"p25":0.7358710571,"mean":1.3291565902,"sd":0.8470082562},"teleop_mid_cycles":{"p99":3.6460521222,"p95":2.4462561745,"p90":1.8606336419,"p75":1.0052062304,"p50":0.4288361316,"p25":0.0761135381,"mean":0.658387302,"sd":0.8664360882},"teleop_top_cycles":{"p99":3.4686321219,"p95":2.8271506578,"p90":2.459824501,"p75":1.698862839,"p50":0.7974713238,"p25":0.2910693315,"mean":1.0363860266,"sd":0.9515099639},"teleop_cube_cycles":{"p99":4.4202939104,"p95":3.3577509684,"p90":2.7964266773,"p75":2.0644380358,"p50":1.4168610646,"p25":0.9137323217,"mean":1.5696561315,"sd":0.9412822489},"teleop_cone_cycles":{"p99":4.8880015786,"p95":3.9531910053,"p90":3.3892913358,"p75":2.2657087164,"p50":1.0733657084,"p25":0.485995982,"mean":1.4589913287,"sd":1.2769652592},"endgame_charge_station":{"p99":10.862417234,"p95":9.5942035234,"p90":8.7767779888,"p75":7.5457814276,"p50":5.9220671826,"p25":4.1186091381,"mean":5.7608667105,"sd":2.479374082},"fouls_committed":{"p99":0.0,"p95":0.0,"p90":0.0,"p75":0.4045829717,"p50":1.2220743606,"p25":2.4389404385,"mean":1.6792206744,"sd":1.7191466289},"fouls_drawn":{"p99":6.828768265,"p95":4.3808704613,"p90":3.4984370836,"p75":2.254155961,"p50":1.1378770544,"p25":0.3437312041,"mean":1.523734723,"sd":1.5621611871},"capped_fouls_committed":{"p99":0.0,"p95":0.0,"p90":0.0242307745,"p75":0.4667663273,"p50":1.2292161716,"p25":2.2743385447,"mean":1.5147589296,"sd":1.3101572084},"capped_fouls_drawn":{"p99":4.9734631656,"p95":3.6737343757,"p90":3.0341032381,"p75":2.0827530178,"p50":1.1407011543,"p25":0.4057756409,"mean":1.3763925406,"sd":1.1896410631}}