{"auto_mobility":{"p99":3.7425276936,"p95":3.2833526216,"p90":2.9723117464,"p75":2.448618675,"p50":1.8406576331,"p25":1.1772598191,"mean":1.7980638216,"sd":0.9301040794},"auto_charge_station":{"p99":6.2382882249,"p95":5.1718925796,"p90":4.6217470481,"p75":3.6168316274,"p50":2.4427230892,"p25":1.2919837314,"mean":2.4600420991,"sd":1.6448085113},"auto_cycles":{"p99":2.1244948488,"p95":1.5477116724,"p90":1.2902754717,"p75":1.0337558432,"p50":0.7759979757,"p25":0.4214756005,"mean":0.7552238583,"sd":0.4686707627},"auto_points":{"p99":10.9203685935,"p95":8.1624828096,"p90":6.9149441382,"p75":5.3580666965,"p50":3.3541855878,"p25":1.5351535937,"mean":3.608409429,"sd":2.5838299197},"teleop_cycles":{"p99":7.6276430438,"p95":6.4943377738,"p90":5.566584264,"p75":4.0641068473,"p50":2.7489640306,"p25":1.8765893037,"mean":3.1169973589,"sd":1.6641162423},"teleop_points":{"p99":26.2792109357,"p95":22.3625692395,"p90":19.4318548467,"p75":13.9689933673,"p50":8.5588702388,"p25":5.3027920732,"mean":10.1000000725,"sd":6.1963272353},"total_cycles":{"p99":9.4696330342,"p95":7.8503323392,"p90":6.8557782213,"p75":5.0146984101,"p50":3.4545417876,"p25":2.3826258204,"mean":3.8722205599,"sd":2.0052157347},"links":{"p99":3.0836985429,"p95":2.3552276075,"p90":1.9763766752,"p75":1.2682609103,"p50":0.6837264617,"p25":0.3371185998,"mean":0.8751004047,"sd":0.7388368765},"link_points":{"p99":15.4184927146,"p95":11.7761380375,"p90":9.881883376,"p75":6.3413045513,"p50":3.4186323084,"p25":1.6855929989,"mean":4.3755020236,"sd":3.6941843825},"total_points":{"p99":51.0143592404,"p95":41.6051447002,"p90":36.1633352679,"p75":24.9620120242,"p50":14.9223457619,"p25":9.1161362099,"mean":18.0839113454,"sd":11.7531862884},"cube_cycles":{"p99":5.257251417,"p95":4.127683203,"p90":3.5398002629,"p75":2.6784871315,"p50":1.9407646954,"p25":1.359113428,"mean":2.0936916631,"sd":1.0854572218},"cube_points":{"p99":15.3590883168,"p95":12.5878802733,"p90":11.1821570641,"p75":8.8944187619,"p50":6.5613393376,"p25":4.3528818864,"mean":6.7680210738,"sd":3.2813595741},"cone_cycles":{"p99":5.6336357097,"p95":4.8004091378,"p90":4.1411855892,"p75":2.7447308597,"p50":1.3401897835,"p25":0.5789601153,"mean":1.7782560891,"sd":1.5121705918},"cone_points":{"p99":21.9440692783,"p95":18.9682812671,"p90":16.5364947172,"p75":11.0329344442,"p50":4.9573873561,"p25":2.1175987036,"mean":6.9088633688,"sd":6.0814567021},"bot_cycles":{"p99":4.2389975812,"p95":3.3153302841,"p90":2.7737518296,"p75":2.0942259608,"p50":1.4659685902,"p25":0.9260200953,"mean":1.5875657455,"sd":0.9171544244},"bot_points":{"p99":9.1660064946,"p95":7.0011062838,"p90":5.9648004918,"p75":4.4738972948,"p50":3.1254228558,"p25":1.992790249,"mean":3.3959221193,"sd":1.9569704022},"mid_cycles":{"p99":3.9200041731,"p95":2.9590562049,"p90":2.3552775234,"p75":1.2677025737,"p50":0.5493988421,"p25":0.1228914669,"mean":0.8337108108,"sd":1.0172809796},"mid_points":{"p99":12.5180358748,"p95":9.281392937,"p90":7.2926771694,"p75":4.0635228663,"p50":1.748740231,"p25":0.3883920589,"mean":2.6252602183,"sd":3.1950879563},"top_cycles":{"p99":4.1769614147,"p95":3.5550961111,"p90":3.2525516407,"p75":2.4386095307,"p50":1.1504135207,"p25":0.449699003,"mean":1.446867958,"sd":1.2104506192},"top_points":{"p99":21.9343442479,"p95":18.973603363,"p90":17.2406496836,"p75":12.8983571102,"p50":6.0028642451,"p25":2.3324483458,"mean":7.6471951746,"sd":6.4188852329},"auto_bot_cubes":{"p99":0.8991414598,"p95":0.6582825836,"p90":0.4848005694,"p75":0.2230250761,"p50":0.0792305346,"p25":-0.0077020482,"mean":0.143786598,"sd":0.231850106},"auto_mid_cubes":{"p99":0.8134885561,"p95":0.5097074341,"p90":0.3091604576,"p75":0.1193222979,"p50":0.032097434,"p25":-0.0256345892,"mean":0.0840495934,"sd":0.1859855242},"auto_top_cubes":{"p99":1.0716316831,"p95":0.9046799548,"p90":0.7881122609,"p75":0.4606940368,"p50":0.11201379,"p25":0.0058779737,"mean":0.2421728561,"sd":0.3270788688},"auto_bot_cones":{"p99":0.814044449,"p95":0.4299692058,"p90":0.2461784184,"p75":0.1126690954,"p50":0.0277428114,"p25":-0.031841102,"mean":0.0705273164,"sd":0.1790007564},"auto_mid_cones":{"p99":0.8290075544,"p95":0.3289166381,"p90":0.1172277614,"p75":0.0485792063,"p50":0.0058500787,"p25":-0.0243860799,"mean":0.0422510734,"sd":0.1542096349},"auto_top_cones":{"p99":1.0505308523,"p95":0.8910461088,"p90":0.7530743628,"p75":0.1762084687,"p50":0.0445022302,"p25":-0.0198299236,"mean":0.1653281142,"sd":0.3101207223},"auto_bot_cycles":{"p99":1.0166575738,"p95":0.767008967,"p90":0.627594687,"p75":0.3453994445,"p50":0.1461309453,"p25":0.0238981272,"mean":0.2154283701,"sd":0.2735622308},"auto_mid_cycles":{"p99":1.0208220219,"p95":0.6913637905,"p90":0.4763392562,"p75":0.1724302381,"p50":0.0542772364,"p25":-0.0245631602,"mean":0.1269959847,"sd":0.2514938146},"auto_top_cycles":{"p99":1.5931183383,"p95":1.1986739631,"p90":1.0297878977,"p75":0.7781012894,"p50":0.2483177565,"p25":0.0387582894,"mean":0.408895727,"sd":0.447365362},"auto_cube_cycles":{"p99":1.3929912617,"p95":1.109412895,"p90":1.0016939818,"p75":0.7876792338,"p50":0.4544026601,"p25":0.1254168783,"mean":0.4724386109,"sd":0.394588274},"auto_cone_cycles":{"p99":1.1824022638,"p95":1.0032381021,"p90":0.9094604867,"p75":0.5865760518,"p50":0.1070068655,"p25":-0.001606793,"mean":0.2803467073,"sd":0.3860340164},"teleop_bot_cubes":{"p99":3.7438537719,"p95":2.7100230204,"p90":2.1653736246,"p75":1.4343122838,"p50":0.8279828726,"p25":0.385290829,"mean":0.9959836904,"sd":0.8787796589},"teleop_mid_cubes":{"p99":1.1671088668,"p95":0.9172125306,"p90":0.7640533713,"p75":0.4851937742,"p50":0.2264938427,"p25":0.0336838709,"mean":0.2823065305,"sd":0.3358089969},"teleop_top_cubes":{"p99":1.2318569873,"p95":0.9833008038,"p90":0.8335999118,"p75":0.5330879958,"p50":0.2693723563,"p25":0.087697622,"mean":0.332267531,"sd":0.3392569022},"teleop_bot_cones":{"p99":1.8541028179,"p95":1.1244912117,"p90":0.895173822,"p75":0.5763815638,"p50":0.3058415677,"p25":0.0716343822,"mean":0.3670686131,"sd":0.4547175172},"teleop_mid_cones":{"p99":2.5287939126,"p95":1.8491556198,"p90":1.4247819977,"p75":0.6639171232,"p50":0.2092587824,"p25":-0.016569333,"mean":0.4210271566,"sd":0.65768228},"teleop_top_cones":{"p99":2.4525620136,"p95":1.9919692208,"p90":1.7374736531,"p75":1.173347288,"p50":0.5332880351,"p25":0.147934717,"mean":0.699733651,"sd":0.6888159553},"teleop_bot_cycles":{"p99":3.7231477181,"p95":2.9522950406,"p90":2.5018939696,"p75":1.8550057102,"p50":1.2490315842,"p25":0.7631587045,"mean":1.3665525348,"sd":0.847949938},"teleop_mid_cycles":{"p99":3.5316982495,"p95":2.616621168,"p90":2.0920301943,"p75":1.0825181956,"p50":0.4407875869,"p25":0.0796251854,"mean":0.7046247271,"sd":0.9130016156},"teleop_top_cycles":{"p99":3.1195408116,"p95":2.6458256432,"p90":2.3064809289,"p75":1.6874588486,"p50":0.8637919239,"p25":0.3223244002,"mean":1.0333177591,"sd":0.886106411},"teleop_cube_cycles":{"p99":4.5569625925,"p95":3.444577618,"p90":2.8983647154,"p75":2.1345874733,"p50":1.4683390759,"p25":0.9405577338,"mean":1.6162442778,"sd":0.9691744774},"teleop_cone_cycles":{"p99":4.8718967466,"p95":4.0384945833,"p90":3.5233785579,"p75":2.3058094368,"p50":1.1037513908,"p25":0.4954446253,"mean":1.4941065074,"sd":1.2942084819},"endgame_charge_station":{"p99":10.948681772,"p95":9.5618712072,"p90":8.73189746,"p75":7.4579265143,"p50":5.8785248955,"p25":4.0947821349,"mean":5.7195129947,"sd":2.4729394551},"fouls_committed":{"p99":0.0,"p95":0.0,"p90":0.0,"p75":0.4007555151,"p50":1.2116303178,"p25":2.44507105,"mean":1.6724385765,"sd":1.7123786573},"fouls_drawn":{"p99":6.8543640116,"p95":4.4791245465,"p90":3.4940576453,"p75":2.1514102143,"p50":1.0506817667,"p25":0.3001973046,"mean":1.4779376188,"sd":1.5754961594},"capped_fouls_committed":{"p99":0.0,"p95":0.0,"p90":0.0,"p75":0.4709536151,"p50":1.2262654726,"p25":2.2594424037,"mean":1.513773786,"sd":1.3137098422},"capped_fouls_drawn":{"p99":4.923024464,"p95":3.6471017008,"p90":3.0070380699,"p75":2.020285352,"p50":1.0757129496,"p25":0.354714813,"mean":1.3312736243,"sd":1.1851838226}}