{"auto_mobility":{"p99":3.7629557354,"p95":3.2929926117,"p90":2.9699247045,"p75":2.402040872,"p50":1.8211582657,"p25":1.1627369504,"mean":1.7811987561,"sd":0.924279275},"auto_charge_station":{"p99":6.2662652787,"p95":5.2292462428,"p90":4.6518160495,"p75":3.6165607001,"p50":2.4086784266,"p25":1.2660719151,"mean":2.4468130985,"sd":1.6572190847},"auto_cycles":{"p99":2.0398919317,"p95":1.493846489,"p90":1.273157368,"p75":1.0277419495,"p50":0.7735568304,"p25":0.4214756005,"mean":0.7486938851,"sd":0.4591015713},"auto_points":{"p99":10.6879836965,"p95":7.9833202235,"p90":6.8401139442,"p75":5.3188987658,"p50":3.347752524,"p25":1.5272069973,"mean":3.5794273337,"sd":2.5474473381},"teleop_cycles":{"p99":7.7010111461,"p95":6.3819255889,"p90":5.5251173316,"p75":4.0439866765,"p50":2.7336516934,"p25":1.870933821,"mean":3.0950925538,"sd":1.6432410136},"teleop_points":{"p99":26.323131719,"p95":22.3656218873,"p90":19.4387051117,"p75":13.7783998462,"p50":8.4996061014,"p25":5.3006046315,"mean":10.0351116595,"sd":6.1609725557},"total_cycles":{"p99":9.4136388723,"p95":7.7460032918,"p90":6.7282115673,"p75":4.9859343505,"p50":3.4462885126,"p25":2.3823834358,"mean":3.8437858089,"sd":1.9734903615},"links":{"p99":3.0009267148,"p95":2.3092731752,"p90":1.9173837564,"p75":1.2537847355,"p50":0.6765164243,"p25":0.3363488801,"mean":0.8630302494,"sd":0.7211111916},"link_points":{"p99":15.0046335739,"p95":11.5463658762,"p90":9.5869187821,"p75":6.2689236775,"p50":3.3825821216,"p25":1.6817444003,"mean":4.315151247,"sd":3.6055559578},"total_points":{"p99":50.1453784968,"p95":41.2551478222,"p90":35.4516532048,"p75":24.5327495593,"p50":14.8609273749,"p25":9.1147365271,"mean":17.9296900678,"sd":11.5846349871},"cube_cycles":{"p99":5.1757513449,"p95":4.0912040866,"p90":3.489570907,"p75":2.6273893051,"p50":1.9249284791,"p25":1.3552059385,"mean":2.0728029583,"sd":1.068798021},"cube_points":{"p99":15.3065594634,"p95":12.3901535311,"p90":11.0116967127,"p75":8.8087490066,"p50":6.4936864636,"p25":4.3598481561,"mean":6.7162194316,"sd":3.237743961},"cone_cycles":{"p99":5.8275909138,"p95":4.7220722831,"p90":4.1235285807,"p75":2.733990462,"p50":1.3433924961,"p25":0.578275423,"mean":1.7707090189,"sd":1.5092045441},"cone_points":{"p99":22.6037480537,"p95":19.2209407081,"p90":16.6294604164,"p75":10.8913848172,"p50":4.8933309407,"p25":2.0918508714,"mean":6.897711533,"sd":6.1377324466},"bot_cycles":{"p99":4.247333023,"p95":3.3040933733,"p90":2.7425430971,"p75":2.0776032828,"p50":1.4469301872,"p25":0.9215784671,"mean":1.5686789294,"sd":0.9152208912},"bot_points":{"p99":9.2016167318,"p95":7.0128755793,"p90":5.8619460609,"p75":4.4411726371,"p50":3.0710956888,"p25":1.9661025417,"mean":3.3578005539,"sd":1.953794356},"mid_cycles":{"p99":4.0219077525,"p95":2.927561143,"p90":2.2447454989,"p75":1.2409577282,"p50":0.5447351229,"p25":0.1204865953,"mean":0.8192468168,"sd":1.0051499979},"mid_points":{"p99":12.7138538419,"p95":9.1100179248,"p90":6.995698937,"p75":3.9589015559,"p50":1.7294140934,"p25":0.3845522529,"mean":2.5775897568,"sd":3.1546821102},"top_cycles":{"p99":4.2490805795,"p95":3.6855295922,"p90":3.3249484033,"p75":2.428634548,"p50":1.1266737433,"p25":0.445814442,"mean":1.4518472264,"sd":1.2377891663},"top_points":{"p99":22.3575730805,"p95":19.5565132753,"p90":17.6655038649,"p75":12.8136656353,"p50":5.9272199967,"p25":2.3040735019,"mean":7.6700737577,"sd":6.5567351584},"auto_bot_cubes":{"p99":0.8902519646,"p95":0.6581257087,"p90":0.4848830838,"p75":0.2177357024,"p50":0.0795718516,"p25":-0.0070664209,"mean":0.1430138945,"sd":0.2308884581},"auto_mid_cubes":{"p99":0.8176494639,"p95":0.4975070635,"p90":0.2947047206,"p75":0.1151906649,"p50":0.030026524,"p25":-0.0274925143,"mean":0.080545222,"sd":0.1848761397},"auto_top_cubes":{"p99":1.0738248988,"p95":0.9018604736,"p90":0.7900418074,"p75":0.4491763467,"p50":0.1111698615,"p25":0.0061579659,"mean":0.2415745803,"sd":0.3264166788},"auto_bot_cones":{"p99":0.811846745,"p95":0.4325499117,"p90":0.2467032304,"p75":0.1147881448,"p50":0.0283055272,"p25":-0.0303281604,"mean":0.0710773651,"sd":0.1775952365},"auto_mid_cones":{"p99":0.8125317461,"p95":0.3019596791,"p90":0.1153485955,"p75":0.0489868015,"p50":0.005474431,"p25":-0.0242442368,"mean":0.0414813305,"sd":0.1514073991},"auto_top_cones":{"p99":1.0561708186,"p95":0.8911414837,"p90":0.7427630534,"p75":0.1750853203,"p50":0.0432038024,"p25":-0.0202287502,"mean":0.1640470707,"sd":0.3083995301},"auto_bot_cycles":{"p99":1.0021588337,"p95":0.7663801638,"p90":0.623268374,"p75":0.33925801,"p50":0.1470015873,"p25":0.0272122672,"mean":0.2151816081,"sd":0.2706351224},"auto_mid_cycles":{"p99":1.0070977297,"p95":0.6755099076,"p90":0.4743581668,"p75":0.1672202753,"p50":0.049417814,"p25":-0.02545929,"mean":0.1227068297,"sd":0.2487031994},"auto_top_cycles":{"p99":1.5982009072,"p95":1.1949180095,"p90":1.0210358231,"p75":0.7751708455,"p50":0.2451584394,"p25":0.0385677469,"mean":0.4069862371,"sd":0.4460327577},"auto_cube_cycles":{"p99":1.3415390269,"p95":1.0992733202,"p90":0.9890850399,"p75":0.7806056664,"p50":0.4420642636,"p25":0.1267035106,"mean":0.4675107054,"sd":0.3916125756},"auto_cone_cycles":{"p99":1.1778732775,"p95":0.9973204312,"p90":0.9077524181,"p75":0.56485358,"p50":0.1079247346,"p25":-0.0011004417,"mean":0.2787975107,"sd":0.3829283022},"teleop_bot_cubes":{"p99":3.7994529897,"p95":2.6708826547,"p90":2.1411314032,"p75":1.427739574,"p50":0.8166782732,"p25":0.3759838494,"mean":0.9836802388,"sd":0.877253973},"teleop_mid_cubes":{"p99":1.1883848727,"p95":0.9070899426,"p90":0.7437842661,"p75":0.4746621129,"p50":0.2195149576,"p25":0.0326525743,"mean":0.2768790731,"sd":0.3328913864},"teleop_top_cubes":{"p99":1.2347530653,"p95":1.0014772802,"p90":0.8458050398,"p75":0.531417821,"p50":0.2696833582,"p25":0.0862019813,"mean":0.3342726752,"sd":0.3428730575},"teleop_bot_cones":{"p99":1.8032234849,"p95":1.0860431346,"p90":0.8741000348,"p75":0.5726534757,"p50":0.2987245097,"p25":0.0733575072,"mean":0.3609419393,"sd":0.4442974486},"teleop_mid_cones":{"p99":2.6245204476,"p95":1.811366836,"p90":1.379833354,"p75":0.6462359268,"p50":0.2062026478,"p25":-0.0158668512,"mean":0.4163534834,"sd":0.6523839857},"teleop_top_cones":{"p99":2.4718752198,"p95":2.0426301214,"p90":1.7891886751,"p75":1.1836319938,"p50":0.5236851225,"p25":0.1458040654,"mean":0.7047574145,"sd":0.7047134009},"teleop_bot_cycles":{"p99":3.7289736484,"p95":2.9320076957,"p90":2.4853771173,"p75":1.8258661748,"p50":1.233947344,"p25":0.7566595745,"mean":1.3480466943,"sd":0.8439600661},"teleop_mid_cycles":{"p99":3.6956329884,"p95":2.5676150404,"p90":1.9993066367,"p75":1.0717846539,"p50":0.4363716159,"p25":0.0797119735,"mean":0.6944956694,"sd":0.9051532488},"teleop_top_cycles":{"p99":3.2811451452,"p95":2.7387258266,"p90":2.3794764265,"p75":1.7104894234,"p50":0.845370253,"p25":0.3176784386,"mean":1.0403181873,"sd":0.9100781503},"teleop_cube_cycles":{"p99":4.4202939104,"p95":3.444344747,"p90":2.8658722443,"p75":2.1039408214,"p50":1.4631126882,"p25":0.9380952149,"mean":1.6003955051,"sd":0.9585979553},"teleop_cone_cycles":{"p99":4.9446967451,"p95":4.01214759,"p90":3.4941597356,"p75":2.2946590458,"p50":1.102633169,"p25":0.4928865478,"mean":1.4881941413,"sd":1.2938582037},"endgame_charge_station":{"p99":10.8987122977,"p95":9.4736336674,"p90":8.7299264361,"p75":7.4289455624,"p50":5.8378742445,"p25":4.0626673075,"mean":5.7011639932,"sd":2.4621227754},"fouls_committed":{"p99":0.0,"p95":0.0,"p90":0.0,"p75":0.3913879108,"p50":1.2200850642,"p25":2.4379917513,"mean":1.6673171265,"sd":1.7073075365},"fouls_drawn":{"p99":6.7731489543,"p95":4.32431422,"p90":3.4530508995,"p75":2.2045659513,"p50":1.0959069443,"p25":0.3148425651,"mean":1.487295222,"sd":1.5488144302},"capped_fouls_committed":{"p99":0.0,"p95":0.0,"p90":0.0,"p75":0.4625867276,"p50":1.2347968523,"p25":2.2576534205,"mean":1.5126575483,"sd":1.3176144811},"capped_fouls_drawn":{"p99":4.9155835911,"p95":3.630463844,"p90":2.9938148649,"p75":2.0423192183,"p50":1.1018993901,"p25":0.3821659575,"mean":1.3426279334,"sd":1.1779570886}}