{"auto_mobility":{"p99":3.754721231,"p95":3.2799466885,"p90":2.9578382902,"p75":2.4302345351,"p50":1.8345096717,"p25":1.1739091935,"mean":1.7908527413,"sd":0.926305619},"auto_charge_station":{"p99":6.244341188,"p95":5.224650249,"p90":4.6081448581,"p75":3.6257943147,"p50":2.4411595408,"p25":1.2901210662,"mean":2.4602338997,"sd":1.647101801},"auto_cycles":{"p99":2.1037114519,"p95":1.5273414624,"p90":1.2864529333,"p75":1.0333780695,"p50":0.7742487743,"p25":0.4214756005,"mean":0.7528914702,"sd":0.4654676516},"auto_points":{"p99":10.9622311129,"p95":8.0847134131,"p90":6.8468311222,"p75":5.3398292704,"p50":3.3559865977,"p25":1.5325474648,"mean":3.601063153,"sd":2.5746267714},"teleop_cycles":{"p99":7.6558770946,"p95":6.4694802221,"p90":5.554184824,"p75":4.0563935928,"p50":2.7441287045,"p25":1.8749398098,"mean":3.1118526843,"sd":1.6653924384},"teleop_points":{"p99":26.3629008427,"p95":22.3629853066,"p90":19.4643626488,"p75":13.972180378,"p50":8.5500157929,"p25":5.297570149,"mean":10.0863753596,"sd":6.198913551},"total_cycles":{"p99":9.5089060442,"p95":7.8245625071,"p90":6.8090424621,"p75":5.0064055933,"p50":3.4480748375,"p25":2.3823834358,"mean":3.8647435089,"sd":2.0020701994},"links":{"p99":3.0744102954,"p95":2.3352606546,"p90":1.9508176267,"p75":1.2635577403,"p50":0.677853987,"p25":0.3354749449,"mean":0.8704223001,"sd":0.7343604016},"link_points":{"p99":15.372051477,"p95":11.6763032729,"p90":9.7540881334,"p75":6.3177887015,"p50":3.3892699352,"p25":1.6773747243,"mean":4.3521115003,"sd":3.671802008},"total_points":{"p99":50.6415023378,"p95":41.4531149726,"p90":35.8307584898,"p75":25.0168296938,"p50":14.8754803224,"p25":9.099487117,"mean":18.0395498362,"sd":11.7193840706},"cube_cycles":{"p99":5.1989351467,"p95":4.1219414491,"p90":3.521349886,"p75":2.6651878628,"p50":1.9374937411,"p25":1.3578071429,"mean":2.0857877427,"sd":1.0814375686},"cube_points":{"p99":15.3749274884,"p95":12.6024273272,"p90":11.097930256,"p75":8.8557740433,"p50":6.5469084972,"p25":4.347666912,"mean":6.7530923053,"sd":3.2749097471},"cone_cycles":{"p99":5.8350416121,"p95":4.7867598339,"p90":4.1433843,"p75":2.7498291847,"p50":1.3396931111,"p25":0.5778778544,"mean":1.7786793619,"sd":1.5171658156},"cone_points":{"p99":22.6014854479,"p95":19.0061138532,"p90":16.6662896489,"p75":11.0378347602,"p50":4.9480507287,"p25":2.1131432421,"mean":6.924880275,"sd":6.1312504081},"bot_cycles":{"p99":4.2463810203,"p95":3.2923259186,"p90":2.7535128646,"p75":2.0767474407,"p50":1.4518188126,"p25":0.9254457687,"mean":1.5760182586,"sd":0.9143206653},"bot_points":{"p99":9.1881553627,"p95":7.0128755793,"p90":5.9097793386,"p75":4.4389365592,"p50":3.0803257143,"p25":1.992790249,"mean":3.3715874977,"sd":1.9508971024},"mid_cycles":{"p99":4.0446000156,"p95":2.9964676306,"p90":2.3439780829,"p75":1.2574646574,"p50":0.5505573641,"p25":0.1207901146,"mean":0.8306440286,"sd":1.017680328},"mid_points":{"p99":12.8681190419,"p95":9.3236716015,"p90":7.2176692766,"p75":4.022853631,"p50":1.7516259623,"p25":0.385118107,"mean":2.6149187173,"sd":3.1942303548},"top_cycles":{"p99":4.2159413578,"p95":3.6121387523,"p90":3.2829705528,"p75":2.4615872472,"p50":1.1464332766,"p25":0.449699003,"mean":1.4540063099,"sd":1.2249219475},"top_points":{"p99":22.2252195158,"p95":19.2314483681,"p90":17.4111555749,"p75":13.0007074731,"p50":5.9945295312,"p25":2.3295278513,"mean":7.6829053052,"sd":6.4925172865},"auto_bot_cubes":{"p99":0.8946612254,"p95":0.6573892125,"p90":0.4827700913,"p75":0.2172956162,"p50":0.0778799989,"p25":-0.0083193914,"mean":0.1424211856,"sd":0.231439667},"auto_mid_cubes":{"p99":0.8134885561,"p95":0.5078656908,"p90":0.3042360754,"p75":0.1193329335,"p50":0.032546038,"p25":-0.0258853839,"mean":0.0835410201,"sd":0.185553443},"auto_top_cubes":{"p99":1.0716316831,"p95":0.9014968654,"p90":0.7906725504,"p75":0.4592837473,"p50":0.1116495267,"p25":0.0050259831,"mean":0.2415699695,"sd":0.3264730545},"auto_bot_cones":{"p99":0.8181456114,"p95":0.4325499117,"p90":0.2489546545,"p75":0.1129870777,"p50":0.0268058507,"p25":-0.0320370958,"mean":0.0706816929,"sd":0.1793233474},"auto_mid_cones":{"p99":0.8263827115,"p95":0.3129691124,"p90":0.1159817353,"p75":0.048034497,"p50":0.0057315582,"p25":-0.0241492306,"mean":0.0416428883,"sd":0.1526066216},"auto_top_cones":{"p99":1.0607045753,"p95":0.8981246747,"p90":0.7510886464,"p75":0.1750853203,"p50":0.0449402998,"p25":-0.0201886918,"mean":0.1659876576,"sd":0.3112471207},"auto_bot_cycles":{"p99":1.0220053933,"p95":0.7663344745,"p90":0.6259489174,"p75":0.3454390735,"p50":0.1452205574,"p25":0.0232843173,"mean":0.2142078259,"sd":0.2727829698},"auto_mid_cycles":{"p99":1.0075552891,"p95":0.6923010416,"p90":0.4743581668,"p75":0.1706493235,"p50":0.053148073,"p25":-0.0242775585,"mean":0.125873294,"sd":0.2498999038},"auto_top_cycles":{"p99":1.569718477,"p95":1.1986739631,"p90":1.0265321729,"p75":0.7791238156,"p50":0.2462621657,"p25":0.0388016951,"mean":0.408940484,"sd":0.4478690296},"auto_cube_cycles":{"p99":1.3613904495,"p95":1.1072631587,"p90":0.9956700201,"p75":0.783699886,"p50":0.4503784423,"p25":0.1250452419,"mean":0.4699410101,"sd":0.392720411},"auto_cone_cycles":{"p99":1.1789117781,"p95":1.0017426147,"p90":0.9135999519,"p75":0.5893018206,"p50":0.1074141796,"p25":-0.0015157862,"mean":0.280533329,"sd":0.3858036336},"teleop_bot_cubes":{"p99":3.7180945792,"p95":2.6976913971,"p90":2.1582654634,"p75":1.4312895199,"p50":0.8284000521,"p25":0.3814603966,"mean":0.9893660024,"sd":0.8785124951},"teleop_mid_cubes":{"p99":1.1762778334,"p95":0.9088277242,"p90":0.75923893,"p75":0.4822293193,"p50":0.2259528084,"p25":0.0343709518,"mean":0.2813464182,"sd":0.3361744839},"teleop_top_cubes":{"p99":1.2451420537,"p95":0.9960585293,"p90":0.8418483423,"p75":0.5349408402,"p50":0.2697472201,"p25":0.0871354369,"mean":0.334532303,"sd":0.3411964927},"teleop_bot_cones":{"p99":1.8132417311,"p95":1.1232263979,"p90":0.886276719,"p75":0.570705771,"p50":0.3064532334,"p25":0.0703464189,"mean":0.3634483366,"sd":0.450661256},"teleop_mid_cones":{"p99":2.5962610085,"p95":1.8277067232,"p90":1.4046611066,"p75":0.6506529262,"p50":0.2095845694,"p25":-0.0185963529,"mean":0.4200802187,"sd":0.6596313542},"teleop_top_cones":{"p99":2.4684133046,"p95":2.0118446455,"p90":1.759831597,"p75":1.1778216507,"p50":0.5278937633,"p25":0.1477670653,"mean":0.7046274003,"sd":0.697288909},"teleop_bot_cycles":{"p99":3.7534332144,"p95":2.9320076957,"p90":2.4853771173,"p75":1.8423126919,"p50":1.2421109054,"p25":0.7631587045,"mean":1.3562847069,"sd":0.8455024948},"teleop_mid_cycles":{"p99":3.6448014147,"p95":2.5947328893,"p90":2.0799253926,"p75":1.0799545777,"p50":0.4423516793,"p25":0.0789182828,"mean":0.702706662,"sd":0.9151998325},"teleop_top_cycles":{"p99":3.1793167012,"p95":2.6671110211,"p90":2.3491536926,"p75":1.7134289125,"p50":0.8596941715,"p25":0.3225488479,"mean":1.0404650477,"sd":0.8984490046},"teleop_cube_cycles":{"p99":4.508252601,"p95":3.4345139569,"p90":2.8929722004,"p75":2.1245623628,"p50":1.4639271038,"p25":0.9392175745,"mean":1.6108827331,"sd":0.9690337938},"teleop_cone_cycles":{"p99":5.0389284619,"p95":4.0405033491,"p90":3.5148339886,"p75":2.3100206522,"p50":1.1047044206,"p25":0.4947341374,"mean":1.4943794873,"sd":1.2989444255},"endgame_charge_station":{"p99":10.8836816447,"p95":9.4317152146,"p90":8.7103085477,"p75":7.4166045477,"p50":5.8403364445,"p25":4.0589238992,"mean":5.6906112668,"sd":2.4583662289},"fouls_committed":{"p99":0.0,"p95":0.0,"p90":0.0,"p75":0.3943570462,"p50":1.2287259775,"p25":2.4544633112,"mean":1.6792381283,"sd":1.7197762989},"fouls_drawn":{"p99":7.0223859755,"p95":4.5034280655,"p90":3.501563925,"p75":2.1996963806,"p50":1.076636969,"p25":0.3001973046,"mean":1.4952435714,"sd":1.588154548},"capped_fouls_committed":{"p99":0.0,"p95":0.0,"p90":0.0,"p75":0.4662119054,"p50":1.2380589561,"p25":2.2640026606,"mean":1.5180165026,"sd":1.3163298502},"capped_fouls_drawn":{"p99":4.9734631656,"p95":3.6537594894,"p90":3.0121572566,"p75":2.0472037838,"p50":1.0863803015,"p25":0.3574256241,"mean":1.3444389078,"sd":1.1924055636}}