{"auto_cycles":{"p99":1.7845011007,"p95":1.2779265553,"p90":1.1145200184,"p75":0.9198468134,"p50":0.6456309477,"p25":0.3005196554,"mean":0.6290803457,"sd":0.4148286609},"auto_points":{"p99":9.4280301162,"p95":6.7755347795,"p90":5.979260461,"p75":4.5840735624,"p50":2.52795781,"p25":1.2287131679,"mean":2.9876391557,"sd":2.2482392779},"teleop_cycles":{"p99":6.4638475619,"p95":5.2603409393,"p90":4.4840761475,"p75":3.3443540772,"p50":2.3505649182,"p25":1.7456826247,"mean":2.6524192999,"sd":1.3039416804},"teleop_points":{"p99":24.3344968081,"p95":19.6170965977,"p90":16.7267062999,"p75":11.2734674654,"p50":7.1795158361,"p25":5.0434655591,"mean":8.737798844,"sd":5.2833845764},"total_cycles":{"p99":7.9028366225,"p95":6.4403854119,"p90":5.5388014737,"p75":4.1576613244,"p50":2.9287283721,"p25":2.121100657,"mean":3.2814985558,"sd":1.5823666675},"links":{"p99":2.6090119936,"p95":1.8678142789,"p90":1.4922448937,"p75":0.9243049058,"p50":0.4892904226,"p25":0.2330155862,"mean":0.6536591858,"sd":0.5904820391},"link_points":{"p99":13.0450599682,"p95":9.3390713946,"p90":7.4612244687,"p75":4.621524529,"p50":2.4464521132,"p25":1.165077931,"mean":3.2682959292,"sd":2.9524101956},"total_points":{"p99":44.581102478,"p95":35.264890492,"p90":29.6788066092,"p75":19.8720468573,"p50":12.1047922689,"p25":8.0964131737,"mean":14.9937336297,"sd":9.726652071},"cube_cycles":{"p99":4.9545391167,"p95":3.5613520046,"p90":3.0269156474,"p75":2.2526944725,"p50":1.6289133582,"p25":1.1430728848,"mean":1.7956318937,"sd":0.942539044},"cube_points":{"p99":14.4515871435,"p95":11.1057750477,"p90":9.806909979,"p75":7.7138444917,"p50":5.4824898899,"p25":3.8816765038,"mean":5.9147754535,"sd":2.9003644778},"cone_cycles":{"p99":5.0693304903,"p95":3.9613768752,"p90":3.2994410583,"p75":2.1834771141,"p50":1.1196502945,"p25":0.5917070013,"mean":1.4851548283,"sd":1.2195715813},"cone_points":{"p99":21.437731206,"p95":17.10909149,"p90":14.3321642987,"p75":8.5634934061,"p50":3.9344547892,"p25":1.9851242603,"mean":5.8147646031,"sd":5.3448150245},"bot_cycles":{"p99":4.1839171273,"p95":3.0053823973,"p90":2.4891975546,"p75":1.7985864467,"p50":1.195250869,"p25":0.8119256065,"mean":1.3697218135,"sd":0.8534314865},"bot_points":{"p99":9.0314631125,"p95":6.4244444077,"p90":5.3349422459,"p75":3.8523386874,"p50":2.5716855537,"p25":1.8317788241,"mean":2.9484064815,"sd":1.8059930298},"mid_cycles":{"p99":3.4067933315,"p95":2.0465680172,"p90":1.4537077259,"p75":0.8413223928,"p50":0.3936946306,"p25":0.1019740572,"mean":0.5735097543,"sd":0.7433322955},"mid_points":{"p99":10.9885013535,"p95":6.5554333443,"p90":4.6106930703,"p75":2.6805968157,"p50":1.2380246579,"p25":0.3235210099,"mean":1.8039909413,"sd":2.3895170591},"top_cycles":{"p99":4.7276131695,"p95":3.8417619967,"p90":3.3150067042,"p75":1.9599489363,"p50":0.9191037327,"p25":0.4080214195,"mean":1.3178680181,"sd":1.2348840905},"top_points":{"p99":24.5037970414,"p95":20.1573656065,"p90":17.490587611,"p75":10.3646811888,"p50":4.727081107,"p25":2.2056478713,"mean":6.9453053001,"sd":6.4767966453}}