{"auto_cycles":{"p99":1.815495828,"p95":1.2810710192,"p90":1.1290187206,"p75":0.9324224871,"p50":0.657631508,"p25":0.2935825917,"mean":0.6306494897,"sd":0.4264120382},"auto_points":{"p99":9.5276032996,"p95":6.8251174412,"p90":6.0836297197,"p75":4.6513068455,"p50":2.5420938081,"p25":1.194566302,"mean":2.9919496118,"sd":2.3042957086},"teleop_cycles":{"p99":6.490874422,"p95":5.2963785645,"p90":4.489797037,"p75":3.3770942036,"p50":2.3533433732,"p25":1.7388994315,"mean":2.6542629884,"sd":1.3298007785},"teleop_points":{"p99":24.6366610072,"p95":19.8986452619,"p90":16.9047695472,"p75":11.3821633211,"p50":7.1761295507,"p25":5.0047611106,"mean":8.7354507226,"sd":5.3910078256},"total_cycles":{"p99":7.9235165192,"p95":6.4328430739,"p90":5.5768805008,"p75":4.1839263163,"p50":2.9290295974,"p25":2.121100657,"mean":3.2849110569,"sd":1.6072634058},"links":{"p99":2.6158637102,"p95":1.8665134082,"p90":1.5136570264,"p75":0.9396217782,"p50":0.4948867545,"p25":0.2239892309,"mean":0.655573368,"sd":0.6002474547},"link_points":{"p99":13.0793185508,"p95":9.3325670409,"p90":7.5682851321,"p75":4.698108891,"p50":2.4744337723,"p25":1.1199461543,"mean":3.27786684,"sd":3.0012372734},"total_points":{"p99":44.7473074361,"p95":35.2799401225,"p90":29.9735354227,"p75":19.9308800609,"p50":12.1072584409,"p25":7.9418542369,"mean":15.0052667873,"sd":9.8789558924},"cube_cycles":{"p99":5.0077931979,"p95":3.6398695563,"p90":3.0591094175,"p75":2.27488379,"p50":1.6355513051,"p25":1.140183912,"mean":1.8020107717,"sd":0.9704423885},"cube_points":{"p99":14.660471157,"p95":11.2238890344,"p90":9.8920893034,"p75":7.7742509187,"p50":5.4925641874,"p25":3.8333103654,"mean":5.9293363155,"sd":2.9817592509},"cone_cycles":{"p99":5.1442852084,"p95":3.9871750578,"p90":3.3400539142,"p75":2.2096942622,"p50":1.1157975383,"p25":0.5667984369,"mean":1.4822367693,"sd":1.2481174056},"cone_points":{"p99":21.7318897292,"p95":17.3056233447,"p90":14.4262848045,"p75":8.6685527493,"p50":3.92206511,"p25":1.9030693039,"mean":5.8022395392,"sd":5.4584239378},"bot_cycles":{"p99":4.2220929645,"p95":3.0617773679,"p90":2.5412469744,"p75":1.8289127942,"p50":1.1924917878,"p25":0.7923151675,"mean":1.375766191,"sd":0.8844716052},"bot_points":{"p99":9.0859214171,"p95":6.4811886804,"p90":5.4657010132,"p75":3.9211086236,"p50":2.5662901245,"p25":1.789178683,"mean":2.9609690324,"sd":1.8743200338},"mid_cycles":{"p99":3.4685599576,"p95":2.0894500236,"p90":1.4776993558,"p75":0.8602698715,"p50":0.3948932252,"p25":0.0852642599,"mean":0.5741276322,"sd":0.7672691746},"mid_points":{"p99":11.1084571135,"p95":6.6887331505,"p90":4.6371382664,"p75":2.6882156525,"p50":1.2369529578,"p25":0.2824018428,"mean":1.8070397903,"sd":2.4618959229},"top_cycles":{"p99":4.7926386024,"p95":3.8852130331,"p90":3.3597637217,"p75":1.9902688595,"p50":0.9184205394,"p25":0.3778804388,"mean":1.3157023501,"sd":1.2662700982},"top_points":{"p99":25.0132428704,"p95":20.401266024,"p90":17.7068158105,"p75":10.5928184041,"p50":4.7267066476,"p25":2.0703448396,"mean":6.9336335434,"sd":6.6429586198}}