{"auto_cycles":{"p99":1.8471710494,"p95":1.3211530607,"p90":1.1507726421,"p75":0.9598121573,"p50":0.7270957282,"p25":0.3423253529,"mean":0.6842416672,"sd":0.4176634215},"auto_points":{"p99":9.6137123385,"p95":6.9883360198,"p90":6.1980181577,"p75":4.8925491223,"p50":2.9968006027,"p25":1.3618489262,"mean":3.2544572411,"sd":2.3047932952},"teleop_cycles":{"p99":6.762836756,"p95":5.6194632302,"p90":4.8549948154,"p75":3.6161816097,"p50":2.5643152271,"p25":1.8047848491,"mean":2.8404178929,"sd":1.4044311926},"teleop_points":{"p99":25.5986947534,"p95":20.8117305639,"p90":17.7971358063,"p75":12.3159355831,"p50":7.7186939135,"p25":5.1647594826,"mean":9.3117529501,"sd":5.6700044669},"total_cycles":{"p99":8.3597631058,"p95":6.7394734768,"p90":5.8994964838,"p75":4.460342225,"p50":3.1753938427,"p25":2.2907634471,"mean":3.5246586437,"sd":1.6848305801},"links":{"p99":2.7535717548,"p95":2.0231235325,"p90":1.6611603157,"p75":1.0783973361,"p50":0.5892795419,"p25":0.2966121554,"mean":0.7529776173,"sd":0.6345014838},"link_points":{"p99":13.7678587741,"p95":10.1156176623,"p90":8.3058015787,"p75":5.3919866804,"p50":2.9463977094,"p25":1.4830607771,"mean":3.7648880866,"sd":3.172507419},"total_points":{"p99":46.6385428184,"p95":36.9544269196,"p90":31.6597046426,"p75":22.0233790381,"p50":13.4573913751,"p25":8.6156252005,"mean":16.3310980204,"sd":10.380121201},"cube_cycles":{"p99":5.0434161185,"p95":3.8288417497,"p90":3.2080039126,"p75":2.4138781121,"p50":1.7963208384,"p25":1.2459327813,"mean":1.9351035913,"sd":0.9922716144},"cube_points":{"p99":14.5281331417,"p95":11.5649533643,"p90":10.3018980268,"p75":8.2091727461,"p50":6.0150196507,"p25":4.0896084955,"mean":6.2996487483,"sd":3.0124247691},"cone_cycles":{"p99":5.2304475222,"p95":4.2103744675,"p90":3.4906389826,"p75":2.4359375441,"p50":1.2165184997,"p25":0.5698218195,"mean":1.5891027495,"sd":1.3134343911},"cone_points":{"p99":22.2476376224,"p95":17.9912626535,"p90":15.1626908633,"p75":9.6432658727,"p50":4.2200043872,"p25":2.0016172433,"mean":6.2710014661,"sd":5.7083769242},"bot_cycles":{"p99":4.2085911299,"p95":3.2236558704,"p90":2.6598507008,"p75":1.9597894737,"p50":1.3513623566,"p25":0.8722896315,"mean":1.4889016666,"sd":0.8992821766},"bot_points":{"p99":9.0342968698,"p95":6.8187847127,"p90":5.6716641636,"p75":4.2114806635,"p50":2.9092295211,"p25":1.8899194068,"mean":3.1894344415,"sd":1.9098722671},"mid_cycles":{"p99":3.4950148464,"p95":2.2577383923,"p90":1.5795917783,"p75":0.9232199978,"p50":0.4344888436,"p25":0.1141208431,"mean":0.6258404934,"sd":0.7958972632},"mid_points":{"p99":11.0938775127,"p95":7.0318119629,"p90":5.069623345,"p75":2.9340560963,"p50":1.3746359846,"p25":0.3573577211,"mean":1.9804245961,"sd":2.5426494272},"top_cycles":{"p99":4.8463622206,"p95":4.0284379792,"p90":3.4867359199,"p75":2.1964777818,"p50":0.9630433793,"p25":0.3943687089,"mean":1.4021357358,"sd":1.3119953463},"top_points":{"p99":25.4099063791,"p95":20.9744452999,"p90":18.3724770285,"p75":11.6494918078,"p50":5.0194186972,"p25":2.0757430064,"mean":7.3850231187,"sd":6.8900541142}}