{"auto_cycles":{"p99":1.7852779624,"p95":1.3047552138,"p90":1.13765905,"p75":0.9489276502,"p50":0.7000571344,"p25":0.3288764422,"mean":0.6681345965,"sd":0.4162195082},"auto_points":{"p99":9.4999385901,"p95":6.9536752917,"p90":6.0905357612,"p75":4.7906848221,"p50":2.8706471594,"p25":1.3155196966,"mean":3.1708917869,"sd":2.2824488198},"teleop_cycles":{"p99":6.766495561,"p95":5.5294802997,"p90":4.8015625253,"p75":3.5494615731,"p50":2.5243349043,"p25":1.797899457,"mean":2.7986907197,"sd":1.3827786689},"teleop_points":{"p99":25.024583689,"p95":20.5082869883,"p90":17.4779580929,"p75":12.1219271805,"p50":7.590891791,"p25":5.1416627706,"mean":9.1692013985,"sd":5.5809055092},"total_cycles":{"p99":8.3265380145,"p95":6.6542069666,"p90":5.7977277119,"p75":4.4135372937,"p50":3.131295028,"p25":2.2416807906,"mean":3.4668243617,"sd":1.6605251724},"links":{"p99":2.7444991715,"p95":1.975123821,"p90":1.6106386226,"p75":1.0341706711,"p50":0.5624440098,"p25":0.2822855547,"mean":0.7288972753,"sd":0.6228278463},"link_points":{"p99":13.7224958576,"p95":9.8756191051,"p90":8.0531931129,"p75":5.1708533556,"p50":2.812220049,"p25":1.4114277734,"mean":3.6444863764,"sd":3.1141392314},"total_points":{"p99":46.1092943709,"p95":36.1340042809,"p90":30.9377777221,"p75":21.6239198691,"p50":13.2111478858,"p25":8.3290512402,"mean":15.9845792933,"sd":10.2082279964},"cube_cycles":{"p99":5.044937136,"p95":3.762071078,"p90":3.1894886065,"p75":2.3887291154,"p50":1.7672374923,"p25":1.2441170706,"mean":1.9129535983,"sd":0.981854594},"cube_points":{"p99":14.7050858803,"p95":11.3664498115,"p90":10.1904877269,"p75":8.041686084,"p50":5.9721619603,"p25":4.0504007277,"mean":6.2294400738,"sd":2.9851816674},"cone_cycles":{"p99":5.1832565443,"p95":4.1438045161,"p90":3.4493236912,"p75":2.3504965903,"p50":1.1743685158,"p25":0.5679231654,"mean":1.553384373,"sd":1.289220418},"cone_points":{"p99":21.990660566,"p95":17.7116087917,"p90":14.9291364358,"p75":9.2141904212,"p50":4.1124304937,"p25":1.9313548556,"mean":6.1154207075,"sd":5.6104889593},"bot_cycles":{"p99":4.1966152158,"p95":3.1569068499,"p90":2.6407917345,"p75":1.9307382794,"p50":1.3304618092,"p25":0.8398138099,"mean":1.4668832245,"sd":0.8951164322},"bot_points":{"p99":9.0284736976,"p95":6.7105598433,"p90":5.6708433036,"p75":4.1701139279,"p50":2.8594414011,"p25":1.825962098,"mean":3.1423186409,"sd":1.8995025148},"mid_cycles":{"p99":3.4643721516,"p95":2.1247357921,"p90":1.5492768594,"p75":0.925926547,"p50":0.4320430015,"p25":0.1118629069,"mean":0.6175761757,"sd":0.7757105405},"mid_points":{"p99":11.0938775127,"p95":6.7930951275,"p90":4.9571418812,"p75":2.9268393579,"p50":1.3746359846,"p25":0.3546516676,"mean":1.9534094949,"sd":2.4806941676},"top_cycles":{"p99":4.8413627778,"p95":3.9593758944,"p90":3.4438623903,"p75":2.1286204422,"p50":0.9286669682,"p25":0.3957875094,"mean":1.3735153518,"sd":1.2924160858},"top_points":{"p99":25.4117866584,"p95":20.8071745277,"p90":18.0103189124,"p75":11.1588790028,"p50":4.8149903925,"p25":2.1009063928,"mean":7.2317923652,"sd":6.783714034}}