{"auto_cycles":{"p99":1.7852779624,"p95":1.3047552138,"p90":1.13765905,"p75":0.9489276502,"p50":0.7000571344,"p25":0.3285490186,"mean":0.6680399158,"sd":0.416249476},"auto_points":{"p99":9.4999385901,"p95":6.9536752917,"p90":6.0905357612,"p75":4.7906848221,"p50":2.8706471594,"p25":1.314357471,"mean":3.1705459325,"sd":2.2826833266},"teleop_cycles":{"p99":6.766495561,"p95":5.5294802997,"p90":4.8026220127,"p75":3.5494615731,"p50":2.5243349043,"p25":1.797899457,"mean":2.7990738312,"sd":1.3834850088},"teleop_points":{"p99":25.024583689,"p95":20.5082869883,"p90":17.4779580929,"p75":12.1219271805,"p50":7.6030020787,"p25":5.1416627706,"mean":9.1703188465,"sd":5.5822329631},"total_cycles":{"p99":8.3265380145,"p95":6.6674192787,"p90":5.7977277119,"p75":4.4135372937,"p50":3.131206756,"p25":2.2446387558,"mean":3.4671127925,"sd":1.6613167419},"links":{"p99":2.7444991715,"p95":1.975123821,"p90":1.6106386226,"p75":1.0341706711,"p50":0.5627377741,"p25":0.2830398666,"mean":0.7290197933,"sd":0.6230360823},"link_points":{"p99":13.7224958576,"p95":9.8756191051,"p90":8.0531931129,"p75":5.1708533556,"p50":2.8136888704,"p25":1.4151993329,"mean":3.6450989665,"sd":3.1151804114},"total_points":{"p99":46.1092943709,"p95":36.1340042809,"p90":30.9500793243,"p75":21.6239198691,"p50":13.2184480562,"p25":8.3290512402,"mean":15.985963477,"sd":10.2109334171},"cube_cycles":{"p99":5.044937136,"p95":3.762071078,"p90":3.1894886065,"p75":2.3887291154,"p50":1.7672374923,"p25":1.2452066656,"mean":1.9135798445,"sd":0.9821684851},"cube_points":{"p99":14.7050858803,"p95":11.3664498115,"p90":10.1904877269,"p75":8.0483063474,"p50":5.9721619603,"p25":4.0504007277,"mean":6.2309970279,"sd":2.9857971122},"cone_cycles":{"p99":5.1832565443,"p95":4.1438045161,"p90":3.4505892411,"p75":2.3504965903,"p50":1.174659049,"p25":0.5661007749,"mean":1.5530450181,"sd":1.2897846281},"cone_points":{"p99":21.990660566,"p95":17.7116087917,"p90":14.9291364358,"p75":9.2141904212,"p50":4.1124304937,"p25":1.9295942318,"mean":6.114636068,"sd":5.6119071},"bot_cycles":{"p99":4.1966152158,"p95":3.1569068499,"p90":2.6407917345,"p75":1.9309380174,"p50":1.3306976931,"p25":0.8398138099,"mean":1.466843282,"sd":0.8955559116},"bot_points":{"p99":9.0284736976,"p95":6.7105598433,"p90":5.6708433036,"p75":4.1701139279,"p50":2.8596932346,"p25":1.8317788241,"mean":3.1422538166,"sd":1.9003026172},"mid_cycles":{"p99":3.4679524755,"p95":2.1247357921,"p90":1.5496416119,"p75":0.925926547,"p50":0.4323566264,"p25":0.1118629069,"mean":0.617961961,"sd":0.7760647523},"mid_points":{"p99":11.0938775127,"p95":6.7930951275,"p90":4.9612459878,"p75":2.9268393579,"p50":1.3810214371,"p25":0.3539065468,"mean":1.954460714,"sd":2.4818152794},"top_cycles":{"p99":4.8413627778,"p95":3.9593758944,"p90":3.4438623903,"p75":2.1286204422,"p50":0.9296292698,"p25":0.3950274661,"mean":1.3734397047,"sd":1.2926141198},"top_points":{"p99":25.4117866584,"p95":20.8071745277,"p90":18.0103189124,"p75":11.1588790028,"p50":4.8198197928,"p25":2.093045081,"mean":7.2314695543,"sd":6.7847696627}}