{"auto_cycles":{"p99":1.8406298517,"p95":1.3344407134,"p90":1.159966593,"p75":0.9697798815,"p50":0.7389412551,"p25":0.3659141647,"mean":0.6952045968,"sd":0.4187224812},"auto_points":{"p99":9.612750798,"p95":7.156059902,"p90":6.2486635321,"p75":4.9478813427,"p50":3.0927306308,"p25":1.4096225211,"mean":3.3129037539,"sd":2.3229811164},"teleop_cycles":{"p99":6.8936897708,"p95":5.6431130649,"p90":4.8504201412,"p75":3.6151064099,"p50":2.576355607,"p25":1.8105603663,"mean":2.8518710681,"sd":1.410509437},"teleop_points":{"p99":25.3444949217,"p95":20.8822275874,"p90":18.0473069903,"p75":12.457778647,"p50":7.7865677073,"p25":5.1722411435,"mean":9.3757698193,"sd":5.711690314},"total_cycles":{"p99":8.4741293155,"p95":6.8087836256,"p90":5.915194856,"p75":4.4912754672,"p50":3.2280187554,"p25":2.300760142,"mean":3.5470747006,"sd":1.6939072649},"links":{"p99":2.7784101773,"p95":2.0317853932,"p90":1.6675022779,"p75":1.0823046498,"p50":0.5970157359,"p25":0.3021227251,"mean":0.7594691225,"sd":0.6373110239},"link_points":{"p99":13.8920508865,"p95":10.1589269662,"p90":8.3375113897,"p75":5.4115232488,"p50":2.9850786794,"p25":1.5106136253,"mean":3.7973456125,"sd":3.1865551195},"total_points":{"p99":46.671328018,"p95":37.3224943554,"p90":31.9268512696,"p75":22.3219813166,"p50":13.6179677547,"p25":8.7099087417,"mean":16.4860189143,"sd":10.4619497735},"cube_cycles":{"p99":5.0050041188,"p95":3.8213060127,"p90":3.2080942029,"p75":2.4193441539,"p50":1.7931633048,"p25":1.2613196898,"mean":1.9374316272,"sd":0.9915716504},"cube_points":{"p99":14.4423356827,"p95":11.5472599688,"p90":10.3131369873,"p75":8.251132014,"p50":6.0915003324,"p25":4.1344249496,"mean":6.3304411152,"sd":3.0091162413},"cone_cycles":{"p99":5.3172207023,"p95":4.2455491584,"p90":3.5294824448,"p75":2.4641554615,"p50":1.2292096533,"p25":0.5679231654,"mean":1.6093105608,"sd":1.3324822216},"cone_points":{"p99":22.4170777499,"p95":18.2071442737,"p90":15.2956258211,"p75":9.8029722091,"p50":4.3465929375,"p25":2.0308421943,"mean":6.3624710078,"sd":5.7811808698},"bot_cycles":{"p99":4.1972444631,"p95":3.2182195701,"p90":2.632099558,"p75":1.9481451584,"p50":1.3359335047,"p25":0.8550830448,"mean":1.479062927,"sd":0.9007265173},"bot_points":{"p99":9.0771512916,"p95":6.822995335,"p90":5.6587729159,"p75":4.2069871188,"p50":2.8750937152,"p25":1.8546285808,"mean":3.1710495023,"sd":1.9152272952},"mid_cycles":{"p99":3.652776634,"p95":2.2645245498,"p90":1.6106465274,"p75":0.946975789,"p50":0.4527418269,"p25":0.1127948588,"mean":0.6412456758,"sd":0.8121697583},"mid_points":{"p99":11.4931747008,"p95":7.1282751978,"p90":5.1546690776,"p75":2.9784021178,"p50":1.4194468532,"p25":0.3516068073,"mean":2.0293907008,"sd":2.5923263832},"top_cycles":{"p99":4.8916062411,"p95":4.0382745951,"p90":3.5180442608,"p75":2.2607932778,"p50":0.9721546867,"p25":0.3949103583,"mean":1.4192619622,"sd":1.3230317954},"top_points":{"p99":25.6633087703,"p95":21.1814865883,"p90":18.5192517159,"p75":11.9627719119,"p50":5.0891786728,"p25":2.0757430064,"mean":7.4787437863,"sd":6.9502281524}}