{"auto_cycles":{"p99":1.8287943772,"p95":1.3357949553,"p90":1.1697895461,"p75":0.9771113956,"p50":0.7470747375,"p25":0.3644562274,"mean":0.697978317,"sd":0.4276913304},"auto_points":{"p99":9.7146184832,"p95":7.1958406142,"p90":6.3350433376,"p75":5.006709003,"p50":3.1275421263,"p25":1.3906543136,"mean":3.3252196265,"sd":2.3698370232},"teleop_cycles":{"p99":6.8910908554,"p95":5.6549190616,"p90":4.8903219977,"p75":3.6465236732,"p50":2.6103583227,"p25":1.812862132,"mean":2.8580219455,"sd":1.4326982244},"teleop_points":{"p99":25.3786624487,"p95":21.0930653738,"p90":18.2631961105,"p75":12.6288495923,"p50":7.8774694396,"p25":5.1278402335,"mean":9.3946745193,"sd":5.8155359856},"total_cycles":{"p99":8.5942282418,"p95":6.8309286172,"p90":5.9784228095,"p75":4.5238732251,"p50":3.2427506322,"p25":2.2995061415,"mean":3.5559996744,"sd":1.7163076937},"links":{"p99":2.7677897706,"p95":2.0289864025,"p90":1.6788928739,"p75":1.0933540214,"p50":0.6082475134,"p25":0.3035864306,"mean":0.7636132491,"sd":0.6450019386},"link_points":{"p99":13.8389488531,"p95":10.1449320126,"p90":8.3944643693,"p75":5.4667701069,"p50":3.041237567,"p25":1.5179321532,"mean":3.8180662457,"sd":3.2250096929},"total_points":{"p99":46.7270813261,"p95":37.761634071,"p90":32.0779046996,"p75":22.5177330643,"p50":13.660435254,"p25":8.6615259958,"mean":16.5379602278,"sd":10.6104222521},"cube_cycles":{"p99":5.0127604205,"p95":3.8969429075,"p90":3.2448805594,"p75":2.4446138401,"p50":1.7923571681,"p25":1.2527735334,"mean":1.941427481,"sd":1.0147586679},"cube_points":{"p99":14.4985081527,"p95":11.5844339447,"p90":10.389243312,"p75":8.2840016579,"p50":6.1210800369,"p25":4.0818860732,"mean":6.3447973463,"sd":3.0762565698},"cone_cycles":{"p99":5.3728456651,"p95":4.2803212982,"p90":3.5619222315,"p75":2.5097509719,"p50":1.2396201648,"p25":0.5537072462,"mean":1.6143007892,"sd":1.3605342748},"cone_points":{"p99":22.5350775289,"p95":18.2783087608,"p90":15.4319731747,"p75":9.9719580668,"p50":4.3300438807,"p25":1.9403981671,"mean":6.3796122839,"sd":5.888747234},"bot_cycles":{"p99":4.2463766965,"p95":3.2397787712,"p90":2.6913631976,"p75":1.9701495553,"p50":1.3420019109,"p25":0.8346656688,"mean":1.4799906249,"sd":0.9254066334},"bot_points":{"p99":9.1413758897,"p95":6.9154200379,"p90":5.7821209049,"p75":4.2371579088,"p50":2.8884975619,"p25":1.7897675119,"mean":3.1716631039,"sd":1.9698086119},"mid_cycles":{"p99":3.7979815986,"p95":2.34865011,"p90":1.6398636684,"p75":0.968487937,"p50":0.453448196,"p25":0.1050857481,"mean":0.6495855913,"sd":0.8374113324},"mid_points":{"p99":11.9533493103,"p95":7.3072063257,"p90":5.2904882656,"p75":3.0491204457,"p50":1.4123134258,"p25":0.327166752,"mean":2.0571336178,"sd":2.6691397485},"top_cycles":{"p99":4.9258822342,"p95":4.0828529484,"p90":3.5529883616,"p75":2.307169307,"p50":0.9840386712,"p25":0.3763284266,"mean":1.4204065501,"sd":1.350740377},"top_points":{"p99":25.7679026567,"p95":21.4177816189,"p90":18.7038453137,"p75":12.2322806797,"p50":5.1209320514,"p25":1.9493097634,"mean":7.4843822151,"sd":7.0976549484},"fouls_committed":{"p99":0.0,"p95":0.0,"p90":0.0,"p75":0.4043913942,"p50":1.2038470781,"p25":2.3635722676,"mean":1.6376380155,"sd":1.6634491169},"fouls_drawn":{"p99":6.5150135841,"p95":4.4986685576,"p90":3.5233997503,"p75":2.2991080073,"p50":1.1505873767,"p25":0.3506484305,"mean":1.5482065991,"sd":1.5640930516},"capped_fouls_committed":{"p99":0.0,"p95":0.0,"p90":0.0209492033,"p75":0.470621275,"p50":1.2330701046,"p25":2.2145338456,"mean":1.4856563062,"sd":1.279833344},"capped_fouls_drawn":{"p99":4.9904111028,"p95":3.716790321,"p90":3.0857891569,"p75":2.1347489111,"p50":1.1685054341,"p25":0.4288931472,"mean":1.4108340692,"sd":1.2063857062}}