{"auto_cycles":{"p99":1.8288560943,"p95":1.3737684607,"p90":1.1945566978,"p75":0.992616079,"p50":0.7539288543,"p25":0.3716127722,"mean":0.7095791048,"sd":0.4336222492},"auto_points":{"p99":9.8005333319,"p95":7.4669830869,"p90":6.4526947934,"p75":5.1137391164,"p50":3.1656379522,"p25":1.437069622,"mean":3.3939598292,"sd":2.4159448648},"teleop_cycles":{"p99":7.0222992066,"p95":5.7308701169,"p90":5.0195417097,"p75":3.7415527685,"p50":2.625576944,"p25":1.8127713978,"mean":2.899000416,"sd":1.4698042452},"teleop_points":{"p99":25.3982978121,"p95":21.0333628486,"p90":18.4584464864,"p75":12.8366887547,"p50":7.9586697211,"p25":5.1481918487,"mean":9.4765962063,"sd":5.8527071715},"total_cycles":{"p99":8.5944732581,"p95":6.9807281361,"p90":6.1334658847,"p75":4.6359805978,"p50":3.2768019977,"p25":2.3183299964,"mean":3.6085789344,"sd":1.7633891486},"links":{"p99":2.8020888959,"p95":2.0778697085,"p90":1.7406326903,"p75":1.1309085688,"p50":0.6188074669,"p25":0.3061869721,"mean":0.785386459,"sd":0.6609241589},"link_points":{"p99":14.0104444795,"p95":10.3893485424,"p90":8.7031634516,"p75":5.6545428438,"p50":3.0940373344,"p25":1.5309348604,"mean":3.9269322949,"sd":3.3046207946},"total_points":{"p99":47.551705853,"p95":37.9481228765,"p90":32.9500393134,"p75":23.0039803174,"p50":13.820617204,"p25":8.6939827532,"mean":16.7974881672,"sd":10.7984293564},"cube_cycles":{"p99":5.0299350755,"p95":3.9433387075,"p90":3.2761026973,"p75":2.4975750929,"p50":1.8236419585,"p25":1.2699876212,"mean":1.9652629244,"sd":1.0219917515},"cube_points":{"p99":14.5299153843,"p95":11.7176963463,"p90":10.5220233232,"p75":8.3864039482,"p50":6.1652882005,"p25":4.1173091897,"mean":6.4073448026,"sd":3.1005116694},"cone_cycles":{"p99":5.4541975025,"p95":4.3550589663,"p90":3.6514918951,"p75":2.5526900133,"p50":1.2504688503,"p25":0.5539340723,"mean":1.6430160687,"sd":1.3845172067},"cone_points":{"p99":22.16883688,"p95":18.4204802868,"p90":15.4499426374,"p75":10.1477417889,"p50":4.4171121272,"p25":1.945332521,"mean":6.4672550867,"sd":5.9190525924},"bot_cycles":{"p99":4.246379579,"p95":3.2404237134,"p90":2.6763727143,"p75":1.9903543052,"p50":1.3570649499,"p25":0.8643536139,"mean":1.4950194728,"sd":0.91829966},"bot_points":{"p99":9.1206546559,"p95":6.923929159,"p90":5.7537165968,"p75":4.2790022226,"p50":2.90878345,"p25":1.8433988949,"mean":3.2030679982,"sd":1.9547264185},"mid_cycles":{"p99":3.8086614459,"p95":2.4615938866,"p90":1.7664568303,"p75":1.0291963351,"p50":0.4880693823,"p25":0.1152319695,"mean":0.6885516055,"sd":0.8636629322},"mid_points":{"p99":12.1874598265,"p95":7.7917026308,"p90":5.5920681993,"p75":3.2559801571,"p50":1.5335897021,"p25":0.3616631809,"mean":2.1735993797,"sd":2.7415164455},"top_cycles":{"p99":4.7725293375,"p95":3.9543628691,"p90":3.5093122993,"p75":2.3148598649,"p50":1.0014069132,"p25":0.3828479143,"mean":1.4184355705,"sd":1.3205424702},"top_points":{"p99":25.0272156429,"p95":20.834951629,"p90":18.4865722022,"p75":12.3370914795,"p50":5.2222719791,"p25":2.0178877405,"mean":7.4856997785,"sd":6.9539217472},"fouls_committed":{"p99":0.0,"p95":0.0,"p90":0.0,"p75":0.3989168781,"p50":1.2439485795,"p25":2.4230235037,"mean":1.6537588041,"sd":1.6743746693},"fouls_drawn":{"p99":6.483346678,"p95":4.5142623014,"p90":3.5040347606,"p75":2.2733526218,"p50":1.1385460672,"p25":0.3336077209,"mean":1.5239264414,"sd":1.5567407766},"capped_fouls_committed":{"p99":0.0,"p95":0.0,"p90":0.0,"p75":0.4548975092,"p50":1.2400273206,"p25":2.2456057079,"mean":1.5007829005,"sd":1.2929202558},"capped_fouls_drawn":{"p99":4.9392962799,"p95":3.696291833,"p90":3.050119894,"p75":2.1050898553,"p50":1.1418055667,"p25":0.3943948899,"mean":1.3869808762,"sd":1.2058794247}}