{"auto_cycles":{"p99":1.9319236982,"p95":1.4608181631,"p90":1.2462729514,"p75":1.020113195,"p50":0.7713940764,"p25":0.4072504272,"mean":0.7389956433,"sd":0.4487322422},"auto_points":{"p99":10.4707303803,"p95":7.975693228,"p90":6.7342424544,"p75":5.2858962094,"p50":3.2951046296,"p25":1.5161276363,"mean":3.5486318798,"sd":2.5213065049},"teleop_cycles":{"p99":7.3565530672,"p95":6.0777723829,"p90":5.3460305703,"p75":3.9496285201,"p50":2.7156628233,"p25":1.8659273535,"mean":3.0339984007,"sd":1.5736520227},"teleop_points":{"p99":25.9983278008,"p95":21.8508262648,"p90":19.0886758139,"p75":13.5820719319,"p50":8.3409972629,"p25":5.2452929099,"mean":9.8578779147,"sd":6.0610513352},"total_cycles":{"p99":9.1103532414,"p95":7.3936579765,"p90":6.5441256933,"p75":4.8748951339,"p50":3.4053935764,"p25":2.3759703198,"mean":3.7729934537,"sd":1.8905283839},"links":{"p99":2.9286404857,"p95":2.2280407322,"p90":1.8679114738,"p75":1.2425695452,"p50":0.664749414,"p25":0.3328507209,"mean":0.8438674699,"sd":0.6989336772},"link_points":{"p99":14.6432024285,"p95":11.1402036611,"p90":9.339557369,"p75":6.2128477262,"p50":3.3237470701,"p25":1.6642536047,"mean":4.2193373493,"sd":3.4946683861},"total_points":{"p99":49.2137819141,"p95":39.9646267539,"p90":34.6598027694,"p75":24.2689198182,"p50":14.5789564031,"p25":9.0363568832,"mean":17.625846982,"sd":11.3346614872},"cube_cycles":{"p99":5.0658493932,"p95":4.0304139439,"p90":3.4110936,"p75":2.5803413181,"p50":1.8929343793,"p25":1.3397076158,"mean":2.0346921981,"sd":1.0427986131},"cube_points":{"p99":14.7972915406,"p95":12.2297432317,"p90":10.712096478,"p75":8.6779399037,"p50":6.4325155625,"p25":4.3249749454,"mean":6.6137867314,"sd":3.1596052287},"cone_cycles":{"p99":5.7300589219,"p95":4.6671180934,"p90":3.9969781263,"p75":2.6996555272,"p50":1.3075571297,"p25":0.5677706738,"mean":1.7380366467,"sd":1.4863521348},"cone_points":{"p99":22.7277245867,"p95":19.1004688408,"p90":16.4669759259,"p75":10.8015586176,"p50":4.6709661462,"p25":2.0134946115,"mean":6.7968140677,"sd":6.1544950827},"bot_cycles":{"p99":4.2730151152,"p95":3.2702396612,"p90":2.7409726227,"p75":2.0406915386,"p50":1.4020688363,"p25":0.8898066763,"mean":1.5416608477,"sd":0.9201749679},"bot_points":{"p99":9.3596690551,"p95":6.9744770237,"p90":5.8748291073,"p75":4.3480038385,"p50":2.9885702253,"p25":1.8998858292,"mean":3.2955262601,"sd":1.9631923561},"mid_cycles":{"p99":4.0014046985,"p95":2.7769868463,"p90":2.1079571334,"p75":1.1768342132,"p50":0.5310616102,"p25":0.1171287783,"mean":0.7804659845,"sd":0.9673792726},"mid_points":{"p99":12.5674654824,"p95":8.7771703503,"p90":6.5215098777,"p75":3.6934895546,"p50":1.6784349745,"p25":0.3709792338,"mean":2.4591675181,"sd":3.043175455},"top_cycles":{"p99":4.5597864852,"p95":3.7953958487,"p90":3.4104003681,"p75":2.4431615617,"p50":1.0734830913,"p25":0.4152176914,"mean":1.4476426558,"sd":1.286493876},"top_points":{"p99":24.0568296191,"p95":20.052847253,"p90":18.0474302911,"p75":12.8983571102,"p50":5.5997910868,"p25":2.1523494962,"mean":7.6483668735,"sd":6.8052044345},"fouls_committed":{"p99":0.0,"p95":0.0,"p90":0.0,"p75":0.4045829717,"p50":1.2220743606,"p25":2.4389404385,"mean":1.6792206744,"sd":1.7191466289},"fouls_drawn":{"p99":6.828768265,"p95":4.3808704613,"p90":3.4984370836,"p75":2.254155961,"p50":1.1378770544,"p25":0.3437312041,"mean":1.523734723,"sd":1.5621611871},"capped_fouls_committed":{"p99":0.0,"p95":0.0,"p90":0.0242307745,"p75":0.4667663273,"p50":1.2292161716,"p25":2.2743385447,"mean":1.5147589296,"sd":1.3101572084},"capped_fouls_drawn":{"p99":4.9734631656,"p95":3.6737343757,"p90":3.0341032381,"p75":2.0827530178,"p50":1.1407011543,"p25":0.4057756409,"mean":1.3763925406,"sd":1.1896410631}}