{"auto_cycles":{"p99":1.8992815158,"p95":1.4197099932,"p90":1.2313672372,"p75":1.0125196449,"p50":0.7665962527,"p25":0.4034522518,"mean":0.7317627837,"sd":0.4434694994},"auto_points":{"p99":10.2114945124,"p95":7.8265430004,"p90":6.6552823627,"p75":5.2731633576,"p50":3.2809205486,"p25":1.5161276363,"mean":3.5163614792,"sd":2.4945592453},"teleop_cycles":{"p99":7.2963174763,"p95":6.0575651164,"p90":5.3196624709,"p75":3.9110710108,"p50":2.7053149772,"p25":1.8644891409,"mean":3.012044928,"sd":1.5570204306},"teleop_points":{"p99":25.944011264,"p95":21.8399540916,"p90":19.0114645535,"p75":13.3653246371,"p50":8.2488988333,"p25":5.2467472225,"mean":9.8035377178,"sd":6.0333758414},"total_cycles":{"p99":9.0328323767,"p95":7.3644576214,"p90":6.4550010602,"p75":4.8120722384,"p50":3.3737645855,"p25":2.3733956049,"mean":3.7438071201,"sd":1.8651612261},"links":{"p99":2.9475182162,"p95":2.1973232297,"p90":1.840121774,"p75":1.2341150406,"p50":0.6624472824,"p25":0.3295091025,"mean":0.8358302754,"sd":0.6945041969},"link_points":{"p99":14.7375910808,"p95":10.9866161484,"p90":9.2006088699,"p75":6.1705752032,"p50":3.3122364121,"p25":1.6475455123,"mean":4.1791513769,"sd":3.4725209843},"total_points":{"p99":49.0478046178,"p95":39.8236391297,"p90":34.3205069537,"p75":24.1083731681,"p50":14.4187373086,"p25":9.0207332613,"mean":17.4990504114,"sd":11.2432429473},"cube_cycles":{"p99":5.110478006,"p95":4.0247062951,"p90":3.3755693232,"p75":2.5679571883,"p50":1.8843067891,"p25":1.3343845015,"mean":2.0266961581,"sd":1.0418946528},"cube_points":{"p99":14.860347811,"p95":12.0710633846,"p90":10.7246696435,"p75":8.6421049331,"p50":6.3788343925,"p25":4.3043605391,"mean":6.5902433969,"sd":3.1643646355},"cone_cycles":{"p99":5.5783162588,"p95":4.5771084946,"p90":3.9324572337,"p75":2.6648813775,"p50":1.310881045,"p25":0.5610603689,"mean":1.7168490447,"sd":1.4586551258},"cone_points":{"p99":22.545740725,"p95":18.9533053681,"p90":16.4081987476,"p75":10.6626268958,"p50":4.66906676,"p25":2.0130837969,"mean":6.7335434191,"sd":6.0870717414},"bot_cycles":{"p99":4.3179554255,"p95":3.2702396612,"p90":2.7412165298,"p75":2.0397268683,"p50":1.4008254587,"p25":0.8831848567,"mean":1.5371818482,"sd":0.9235355675},"bot_points":{"p99":9.2342448531,"p95":6.9652305208,"p90":5.8743258991,"p75":4.3548602041,"p50":2.9855539854,"p25":1.867529672,"mean":3.2833007607,"sd":1.968281356},"mid_cycles":{"p99":4.0098902112,"p95":2.7137875656,"p90":1.9781665317,"p75":1.1427429247,"p50":0.5158236121,"p25":0.1164923994,"mean":0.7540691614,"sd":0.9377451423},"mid_points":{"p99":12.4826500484,"p95":8.431672918,"p90":6.2097988041,"p75":3.6399891256,"p50":1.6388047179,"p25":0.3830485782,"mean":2.3798422605,"sd":2.9557360764},"top_cycles":{"p99":4.6209766947,"p95":3.8633080027,"p90":3.4298968095,"p75":2.428634548,"p50":1.070993943,"p25":0.4097956282,"mean":1.4493456502,"sd":1.297846443},"top_points":{"p99":24.3139963333,"p95":20.373029482,"p90":18.1315759149,"p75":12.8326877337,"p50":5.5869337767,"p25":2.1552438063,"mean":7.6531741724,"sd":6.8578019556},"fouls_committed":{"p99":0.0,"p95":0.0,"p90":0.0,"p75":0.4032513359,"p50":1.2314502184,"p25":2.4329646446,"mean":1.6754482721,"sd":1.7032012464},"fouls_drawn":{"p99":6.4015175562,"p95":4.4874961665,"p90":3.5440569841,"p75":2.2895233255,"p50":1.1437930425,"p25":0.3453084919,"mean":1.5336065792,"sd":1.5463215207},"capped_fouls_committed":{"p99":0.0,"p95":0.0,"p90":0.0,"p75":0.4631723644,"p50":1.2397710196,"p25":2.2627276334,"mean":1.5175266866,"sd":1.3188552664},"capped_fouls_drawn":{"p99":4.923024464,"p95":3.7105654898,"p90":3.0442396293,"p75":2.1125089847,"p50":1.1515222858,"p25":0.4050597411,"mean":1.3903003009,"sd":1.2005905537}}